CREATE DATABASE BaiTapLamThem2
GO
DROP DATABASE BaiTapLamThem2
CREATE TABLE KHACHHANG 
(
    MaKH CHAR(10) NOT NULL PRIMARY KEY,
    TenKH NVARCHAR(30) NOT NULL,
    Email VARCHAR(30) NOT NULL UNIQUE,
    SoDT CHAR(11) NOT NULL UNIQUE,
    DiaChi NVARCHAR(20) NOT NULL
)

CREATE TABLE SANPHAM 
(
    MaSP CHAR(10) NOT NULL PRIMARY KEY,
    MaDM CHAR(10) NOT NULL,
    TenSP NVARCHAR(30) NOT NULL,
    SoLuong SMALLINT NOT NULL CHECK(SoLuong >=0),
    GiaTien MONEY NOT NULL CHECK(GiaTien >0),
    XuatXu CHAR(5) NOT NULL,
    FOREIGN KEY(MaDM) REFERENCES DMSANPHAM(MaDM)
) 
GO 
DROP TABLE SANPHAM
CREATE TABLE CHITIETDONHANG 
(
    MaDH CHAR(10) NOT NULL,
    MaSP CHAR(10) NOT NULL,
    SoLuong SMALLINT NOT NULL CHECK(SoLuong >=0),
    TongTien MONEY NOT NULL CHECK(TongTien >0),
    CONSTRAINT PK_CTDH PRIMARY KEY(MaDH, MaSP),
    FOREIGN KEY(MaDH) REFERENCES DONHANG(MaDH),
    FOREIGN KEY(MaSP) REFERENCES SANPHAM(MaSP)
)
GO 
DROP TABLE CHITIETDONHANG
CREATE TABLE DONHANG
(
    MaDH CHAR(10) NOT NULL PRIMARY KEY,
    MaKH CHAR(10) NOT NULL,
    MaTT CHAR(10) NOT NULL,
    NgayDat DATE NOT NULL,
    FOREIGN KEY(MaKH) REFERENCES KHACHHANG(MaKH),
    FOREIGN KEY(MaTT) REFERENCES THANHTOAN(MaTT)
)

CREATE TABLE THANHTOAN
(
    MaTT CHAR(10) NOT NULL PRIMARY KEY,
    PhuongThucTT NVARCHAR(20) NOT NULL
)

CREATE TABLE DMSANPHAM 
(
    MaDM CHAR(10) NOT NULL PRIMARY KEY,
    TenDM NVARCHAR(20) NOT NULL,
    MoTa NVARCHAR(50) NULL
)
GO 
ALTER TABLE DMSANPHAM ALTER COLUMN MoTa NVARCHAR(50) NULL
ALTER TABLE SANPHAM ALTER COLUMN XuatXu CHAR(20) NOT NULL

INSERT KHACHHANG VALUES 
('KH001','Tran Van An','antv@gmail.com','0905123564','Lang Son'),
('KH002','Phan Phuoc','phuocp@gmail.com','0932568984','Da Nang'),
('KH003','Tran Huu Anh','anhth@gmail.com','0901865232', 'Ha Noi')

INSERT DMSANPHAM VALUES
('DM01','Thoi Trang Nu', N'vay, ao danh cho nu'),
('DM02', 'Thoi Trang Nam', N'quan danh cho nam'),
('DM03','Trang suc', N'danh cho nu va nam')

INSERT SANPHAM VALUES
('SP001','DM01', N'Dam Maxi', 200, 195000,'VN'),
('SP002', 'DM01', N'Tui Da Mỹ', 50, 3000000, 'HK'),
('SP003', 'DM02', N'Lac tay Uc', 300, 300000, 'HQ')

INSERT THANHTOAN VALUES
('TT01', 'Visa'),
('TT02', 'Master Card'),
('TT03','JCB')

INSERT DONHANG VALUES
('DH001', 'KH002', 'TT01', '20141020'),
('DH002','KH002','TT01', '20150515'),
('DH003', 'KH001','TT03', '20150402')

INSERT CHITIETDONHANG VALUES
('DH001', 'SP002', 3, 56000),
('DH003', 'SP001', 10, 7444),
('DH002', 'SP002', 10, 67144)

-- Câu 1: Liệt kê thông tin toàn bộ Sản phẩm.
Select * from SANPHAM

--Cau 2: Xóa toàn bộ khách hàng có DiaChi là 'Lang Son'.
DELETE FROM KHACHHANG WHERE DiaChi = N'Lang Son'

-- Câu 3: Cập nhật giá trị của trường XuatXu trong bảng SanPham thành 'Viet Nam' đối với trường XuatXu có giá trị là 'VN'.
UPDATE SANPHAM SET XuatXu = 'Viet Nam' WHERE XuatXu = 'VN'

--Câu 4: Liệt kê thông tin những sản phẩm có SoLuong lớn hơn 50 thuộc danh mục là 'Thoi trang nu' và 
-- những Sản phẩm có SoLuong lớn hơn 100 thuộc danh mục là 'Thoi trang nam'.
SELECT * FROM SANPHAM INNER JOIN DMSANPHAM ON SANPHAM.MaDM = DMSANPHAM.MaDM WHERE (SANPHAM.SoLuong > 50 AND DMSANPHAM.TenDM = 'Thoi trang nu') OR (SANPHAM.SoLuong > 100 AND DMSANPHAM.TenDM = 'Thoi trang nam')

--Câu 5: Liệt kê những khách hàng có tên bắt đầu là ký tự 'A' và có độ dài là 5 ký tự.
SELECT * FROM KHACHHANG WHERE KHACHHANG.TenKH LIKE '% A_____'

-- Câu 6: Liệt kê toàn bộ Sản phẩm, sắp xếp giảm dần theo TenSP và tăng dần theo SoLuong.
SELECT * FROM SANPHAM ORDER BY SANPHAM.TenSP DESC, SoLuong ASC

-- Câu 7 Đếm các loại sản phẩm tương ứng theo từng khách hàng đã đặt hàng, chỉ đếm những loại Sản phẩm được khách hang đặt hàng trên 5 sản phẩm.
SELECT COUNT(KHACHHANG.MaKH), KHACHHANG.MaKH, CHITIETDONHANG.MaSP FROM KHACHHANG INNER JOIN DONHANG ON KHACHHANG.MaKH = DONHANG.MaKH INNER JOIN CHITIETDONHANG ON CHITIETDONHANG.MaDH = DONHANG.MaDH
GROUP BY KHACHHANG.MaKH, CHITIETDONHANG.MaSP 

-- Câu 8: Liệt kê tên của toàn bộ khách hàng (tên nào giống nhau thì chỉ liệt kê một lần).
SELECT DISTINCT * FROM KHACHHANG

-- Câu 9: Liệt kê MaKH, TenKH, TenSP, SoLuong, NgayDat, GiaTien,TongTien (của tất cả các lần đặt hàng của khách hàng).
SELECT KHACHHANG.MaKH, KHACHHANG.TenKH, SANPHAM.TenSP, SANPHAM.SoLuong, DONHANG.NgayDat, SANPHAM.GiaTien, CHITIETDONHANG.TongTien 
FROM KHACHHANG INNER JOIN DONHANG ON DONHANG.MaKH = KHACHHANG.MaKH INNER JOIN CHITIETDONHANG ON CHITIETDONHANG.MaDH = DONHANG.MaDH INNER JOIN SANPHAM ON SANPHAM.MaSP = CHITIETDONHANG.MaSP

-- Câu 10: Liệt kê MaKH, TenKH, MaDH, TenSP, SoLuong, TongTien của tất cả các lần đặt hàng của khách hàng.
SELECT KHACHHANG.MaKH, KHACHHANG.TenKH, SANPHAM.TenSP, SANPHAM.SoLuong, DONHANG.NgayDat, SANPHAM.GiaTien, CHITIETDONHANG.TongTien 
FROM KHACHHANG INNER JOIN DONHANG ON DONHANG.MaKH = KHACHHANG.MaKH INNER JOIN CHITIETDONHANG ON CHITIETDONHANG.MaDH = DONHANG.MaDH INNER JOIN SANPHAM ON SANPHAM.MaSP = CHITIETDONHANG.MaSP

-- Câu 11: Liệt kê MaKH, TenKH của những khách hàng đã từng đặt hàng với thực hiện thanh toán qua 'Visa' hoặc đã thực hiện thanh toán qua 'JCB'.
SELECT KHACHHANG.MaKH, KHACHHANG.TenKH FROM KHACHHANG INNER JOIN DONHANG ON DONHANG.MaKH = KHACHHANG.MaKH INNER JOIN CHITIETDONHANG ON CHITIETDONHANG.MaDH = DONHANG.MaDH INNER JOIN SANPHAM ON SANPHAM.MaSP = CHITIETDONHANG.MaSP INNER JOIN THANHTOAN ON THANHTOAN.MaTT = DONHANG.MaTT WHERE THANHTOAN.PhuongThucTT = 'JCB' OR THANHTOAN.PhuongThucTT = 'Visa'

-- Câu 12: Liệt kê MaKH, TenKH của những khách hàng chưa từng mua bất kỳ sản phẩm nào.
SELECT KHACHHANG.TenKH
FROM KHACHHANG LEFT JOIN DONHANG ON KHACHHANG.MaKH = DONHANG.MaKH LEFT JOIN CHITIETDONHANG ON CHITIETDONHANG.MaDH = DONHANG.MaDH LEFT JOIN SANPHAM ON SANPHAM.MaSP = CHITIETDONHANG.MaSP WHERE CHITIETDONHANG.MaSP IS NULL

-- Câu 13: Liệt kê MaKH, TenKH, TenSP, SoLuong, GiaTien, PhuongThuc TT, NgayDat, 
-- Tong Tien của những Khách hàng có địa chỉ là 'Da Nang' và mới thực hiện đặt hàng một lần duy nhất. Kết quả liệt kê được sắp xếp tăng dần của trường TenKH.
SELECT CHITIETDONHANG.MaDH ,KHACHHANG.MaKH, KHACHHANG.TenKH, SANPHAM.TenSP, SANPHAM.GiaTien, THANHTOAN.PhuongThucTT, DONHANG.NgayDat, CHITIETDONHANG.TongTien FROM KHACHHANG INNER JOIN DONHANG ON DONHANG.MaKH = KHACHHANG.MaKH INNER JOIN CHITIETDONHANG ON CHITIETDONHANG.MaDH = DONHANG.MaDH INNER JOIN SANPHAM ON SANPHAM.MaSP = CHITIETDONHANG.MaSP INNER JOIN THANHTOAN ON THANHTOAN.MaTT = DONHANG.MaTT WHERE KHACHHANG.MaKH IN (
SELECT KHACHHANG.MaKH FROM KHACHHANG INNER JOIN DONHANG ON KHACHHANG.MaKH = DONHANG.MaKH GROUP BY KHACHHANG.MaKH, KHACHHANG.DiaChi HAVING COUNT(KHACHHANG.MaKH) = 2 AND KHACHHANG.DiaChi = 'Da Nang'
) ORDER BY KHACHHANG.TenKH